{"username":"user89","password":"c9adce1964b6da2a1e3a6d91164c6e11aea3e4dca6799d9ada7edf728ba21e32","nickname":"hey","email":"user2@gmail.com","gender":false,"playedGames":0,"maxMoneyInGames":0,"securityQuestion":"Riazi 2 to chand shodi?","securityAnswer":"hi","maxEnergy":200,"maxEnergyTurn":50,"energy":200,"currentTurnEnergy":50,"money":0,"fainted":false,"skillsLevel":{"FORAGING":0,"MINING":0,"FISHING":0,"FARMING":0},"skillExperience":{"FORAGING":0,"MINING":0,"FISHING":0,"FARMING":0},"daysSinceRejection":0,"buffMaxEnergy":false,"buffForagingSkill":false,"buffFarmingSkill":false,"buffFishingSkill":false,"buffMiningSkill":false,"hoursLeftForBuff":0}