[
    {
      "type": "farm_1",
      "width": 30,
      "height": 30,
      "house": { "startX": 5, "startY": 5, "width": 4, "height": 4},
      "greenHouse": { "startX": 11, "startY": 12, "width": 6, "height": 5},
      "lake": [{ "startX": 8, "startY": 20, "width": 5, "height": 6}, { "startX": 23, "startY": 9,"width": 5, "height": 4}],
      "quarry": { "startX": 20, "startY": 17,"width": 4, "height": 5}
    },
    {
      "type": "farm_2",
      "width": 36,
      "height": 26,
      "house": { "startX": 26, "startY": 4, "width": 4, "height": 4},
      "greenHouse": { "startX": 16, "startY": 7, "width": 6, "height": 5},
      "lake": { "startX": 3, "startY": 19, "width": 7, "height": 5},
      "quarry": { "startX": 25, "startY": 13,"width": 6, "height": 8}
    }
  ]
  