[
    {
      "name": "Blue Jazz",
      "source": "Jazz Seeds",
      "stages": [1, 2, 2, 2],
      "totalHarvestTime": 7,
      "oneTime": true,
      "regrowthTime": null,
      "baseSellPrice": 50,
      "isEdible": true,
      "energy": 45,
      "season": "Spring",
      "canBeGiant": false
    },
    {
      "name": "Carrot",
      "source": "Carrot Seeds",
      "stages": [1, 1, 1],
      "totalHarvestTime": 3,
      "oneTime": true,
      "regrowthTime": null,
      "baseSellPrice": 35,
      "isEdible": true,
      "energy": 75,
      "season": "Spring",
      "canBeGiant": false
    },
    {
      "name": "Cauliflower",
      "source": "Cauliflower Seeds",
      "stages": [1, 2, 4, 4, 1],
      "totalHarvestTime": 12,
      "oneTime": true,
      "regrowthTime": null,
      "baseSellPrice": 175,
      "isEdible": true,
      "energy": 75,
      "season": "Spring",
      "canBeGiant": true
    },
    {
      "name": "Coffee Bean",
      "source": "Coffee Bean",
      "stages": [1, 2, 2, 3, 2],
      "totalHarvestTime": 10,
      "oneTime": false,
      "regrowthTime": 2,
      "baseSellPrice": 15,
      "isEdible": false,
      "energy": null,
      "season": "Spring & Summer",
      "canBeGiant": false
    },
    {
      "name": "Garlic",
      "source": "Garlic Seeds",
      "stages": [1, 1, 1, 1],
      "totalHarvestTime": 4,
      "oneTime": true,
      "regrowthTime": null,
      "baseSellPrice": 60,
      "isEdible": true,
      "energy": 20,
      "season": "Spring",
      "canBeGiant": false
    },
    {
      "name": "Green Bean",
      "source": "Bean Starter",
      "stages": [1, 1, 1, 3, 4],
      "totalHarvestTime": 10,
      "oneTime": false,
      "regrowthTime": 3,
      "baseSellPrice": 40,
      "isEdible": true,
      "energy": 25,
      "season": "Spring",
      "canBeGiant": false
    },
    {
      "name": "Kale",
      "source": "Kale Seeds",
      "stages": [1, 2, 2, 1],
      "totalHarvestTime": 6,
      "oneTime": true,
      "regrowthTime": null,
      "baseSellPrice": 110,
      "isEdible": true,
      "energy": 50,
      "season": "Spring",
      "canBeGiant": false
    },
    {
      "name": "Parsnip",
      "source": "Parsnip Seeds",
      "stages": [1, 1, 1, 1],
      "totalHarvestTime": 4,
      "oneTime": true,
      "regrowthTime": null,
      "baseSellPrice": 35,
      "isEdible": true,
      "energy": 25,
      "season": "Spring",
      "canBeGiant": false
    }
  ]